{"stats":{"minecraft:used":{"minecraft:short_grass":2,"minecraft:grass_block":1},"minecraft:custom":{"minecraft:jump":14,"minecraft:time_since_rest":77823,"minecraft:damage_dealt":35,"minecraft:leave_game":1,"minecraft:sprint_one_cm":3219,"minecraft:play_time":80258,"minecraft:deaths":1,"minecraft:time_since_death":77788,"minecraft:walk_one_cm":1566,"minecraft:sneak_time":146,"minecraft:total_world_time":80258,"minecraft:fly_one_cm":100097},"minecraft:mined":{"minecraft:short_grass":2}},"DataVersion":3953}