{
  "minecraft:recipes/decorations/crafting_table": {
    "criteria": {
      "unlock_right_away": "2024-08-28 02:14:25 +0000"
    },
    "done": true
  },
  "minecraft:adventure/adventuring_time": {
    "criteria": {
      "minecraft:dark_forest": "2024-08-28 02:15:53 +0000",
      "minecraft:forest": "2024-08-28 02:15:40 +0000",
      "minecraft:birch_forest": "2024-08-28 02:15:45 +0000",
      "minecraft:plains": "2024-08-28 02:14:26 +0000"
    },
    "done": false
  },
  "DataVersion": 3953
}